{
  "project_info": {
    "project_number": "668888076348",
    "project_id": "projectts-55d78",
    "storage_bucket": "projectts-55d78.firebasestorage.app"
  },
  "client": [
    {
      "client_info": {
        "mobilesdk_app_id": "1:668888076348:android:7412a9b4a8d4bab4de3339",
        "android_client_info": {
          "package_name": "com.example.pandapp"
        }
      },
      "oauth_client": [],
      "api_key": [
        {
          "current_key": "AIzaSyDVs0Y-vBzZha1v3LOlz1cFOhHkEYLDKNc"
        }
      ],
      "services": {
        "appinvite_service": {
          "other_platform_oauth_client": []
        }
      }
    }
  ],
  "configuration_version": "1"
}